abs,module-function,0,0,0,0,0,0,0,0,0
accept-language-parser,module,0,1,1,0,1,0,0,0,0
add-zero,module-function,0,1,0,0,0,0,0,0,1
almost-equal,module-function,0,2,0,0,0,0,0,0,1
alt,module,1,0,0,0,0,0,0,0,0
app-module-path,module,0,1,0,0,0,1,0,0,0
app-root-dir,module,0,0,0,0,0,0,2,0,0
arr-diff,module-function,0,1,0,0,1,0,0,0,1
arr-union,module-function,0,1,0,0,0,0,0,0,1
array-foreach,module-function,0,6,4,2,0,0,0,1,1
array-sort,module-function,0,1,1,0,1,0,0,0,1
array-sort,module-function,0,1,1,0,1,0,0,0,1
array-sort,module-function,0,1,1,0,1,0,0,0,1
array-unique,module-function,0,0,1,0,0,0,0,0,1
b64-lite,module,0,0,0,0,0,0,0,0,0
b_,module,1,0,0,0,0,0,0,0,0
balanced-match,module-function,0,0,0,0,0,0,0,0,1
bash-glob,module-function,1,0,0,0,0,0,0,0,0
bind-ponyfill,module-function,0,1,1,0,1,0,0,0,1
bintrees,module,0,0,0,0,0,0,0,0,0
bitwise-xor,module-function,0,0,2,0,0,0,0,0,1
boolify-string,module-function,0,1,0,0,0,0,0,0,1
bs58,module,0,0,0,0,0,0,1,0,0
bs58,module,0,0,0,0,0,0,2,0,0
buffer-compare,module-function,0,0,4,0,2,0,0,1,1
buffer-crc32,module-function,0,0,0,0,2,0,0,0,1
bump-regex,module-function,0,2,0,0,2,0,0,0,0
bunyan,module-class,0,1,1,2,6,24,1,2,0
bytebuffer,module-class,0,4,0,0,5,100,0,0,0
caller,module-function,0,1,0,0,0,0,0,0,1
card-validator,module,0,0,0,1,0,5,0,0,0
checkstyle-formatter,module-function,0,1,0,0,0,0,0,0,1
circular-json,module,0,4,0,0,0,1,0,0,0
classnames,module,1,0,0,0,0,0,0,0,0
connect,module-function,0,0,0,0,0,0,0,0,1
console-log-level,module-function,0,1,0,0,2,0,0,0,1
console-stamp,module-function,0,0,0,7,8,0,0,0,1
console-stamp,module-function,0,0,0,8,8,0,0,0,1
console-stamp,module-function,0,0,0,8,8,0,0,0,1
contains-path,module-function,0,0,0,0,2,0,0,0,1
content-range,module,0,4,0,0,0,1,0,0,0
convert-source-map,module,0,0,0,0,0,9,0,0,0
copy-paste,module,0,1,2,1,0,2,0,1,0
countries-and-timezones,module,0,0,0,0,0,5,0,0,0
countries-and-timezones,module,0,0,0,0,0,5,1,0,0
credit-card-type,module,1,0,0,0,0,0,0,0,0
currency-formatter,module,0,7,0,0,0,1,1,0,0
currency-formatter,module,0,7,0,0,0,1,1,0,0
d,module-function,0,3,1,0,1,0,0,1,1
d,module-function,0,3,1,0,1,0,0,1,1
datadog-metrics,module,0,0,0,0,0,5,1,0,0
deep-extend,module-function,0,0,0,0,11,0,0,1,1
destroy-on-hwm,module-function,0,1,1,0,0,0,0,0,1
diacritics,module,0,0,0,0,0,1,1,0,0
dirname-regex,module-function,0,0,0,0,0,0,0,0,1
dot-object,module,0,0,0,0,0,0,1,0,0
dotdir-regex,module-function,0,0,0,0,0,0,0,0,1
dotfile-regex,module-function,0,0,0,0,0,0,0,0,1
double-ended-queue,module,1,0,0,0,0,0,0,0,0
easydate,module-function,0,0,1,0,0,0,0,0,1
elementtree,module,0,0,0,0,4,8,1,0,0
empty-dir,module-function,0,1,7,6,0,0,0,1,1
empty-dir,module-function,0,3,1,2,0,0,0,1,1
escape-html,module-function,0,0,0,0,0,0,0,0,1
event-loop-lag,module-function,0,0,0,0,0,0,0,0,1
exif,module-function,1,0,0,0,0,0,0,0,0
expand-tilde,module-function,0,0,0,0,0,0,0,0,1
f1,module-function,0,0,0,0,5,0,0,0,0
f1,module-function,0,0,0,0,5,0,0,0,0
f1,module-function,0,0,0,0,5,0,0,0,0
f1,module-function,0,0,0,0,5,0,0,0,0
fast-list,module,1,0,0,0,0,0,0,0,0
fast-stats,module,0,0,0,0,0,0,0,0,0
fast-stats,module,0,0,0,0,0,0,0,0,0
field,module,0,3,0,0,0,0,0,0,0
find-parent-dir,module-function,0,2,0,0,0,0,0,0,1
fined,module-function,0,0,1,0,5,0,0,0,1
flake-idgen,module-class,0,1,0,0,5,0,0,0,0
flake-idgen,module-class,0,1,0,0,5,0,0,0,0
flake-idgen,module-class,0,6,0,0,0,0,0,0,0
flake-idgen,module-class,0,6,0,0,0,0,0,0,0
fnv-lite,module-class,0,2,0,1,0,4,3,1,0
format-duration,module-function,0,0,0,1,0,0,0,0,1
format-util,module-function,0,0,0,0,2,0,0,0,1
framebus,module,1,0,0,0,0,0,0,0,0
fs-readdir-recursive,module-function,0,0,1,2,0,0,0,0,1
gently,module-class,0,6,4,2,0,4,2,0,0
get-func-name,module-function,0,0,1,0,0,0,0,0,1
giphy-api,module-function,0,1,0,1,0,0,0,0,1
git-user-email,module-function,0,0,0,1,0,0,0,0,1
git-user-name,module-function,0,0,0,0,3,0,0,0,1
git-username,module-function,0,1,0,2,1,0,0,1,1
github-url-to-object,module-function,0,0,1,0,1,0,0,0,1
glob-base,module-function,0,1,0,0,0,0,0,0,1
glob-parent,module-function,0,0,0,0,1,0,0,0,1
glob-to-regexp,module-function,0,3,0,0,0,0,0,0,1
global-paths,module-function,0,1,0,0,0,0,0,0,1
hooker,module,0,0,0,0,0,0,1,0,0
html-entities,module,0,0,0,0,0,0,0,0,0
html-entities,module,0,0,0,0,0,0,0,0,0
htmlescape,module-function,0,1,0,0,0,0,0,0,1
htmlparser2,module,0,0,0,0,0,0,0,0,0
humanize-duration,module-function,0,0,0,0,12,0,0,0,0
humanize-ms,module-function,0,0,0,0,0,0,0,0,1
iban,module,0,0,0,0,0,0,2,0,0
inflected,module,0,0,0,0,0,0,1,0,0
ip,module,0,3,1,0,0,2,0,0,0
ipcheck,module,1,0,0,0,0,0,0,0,0
ipcheck,module,1,0,0,0,0,0,0,0,0
is-absolute,module-function,0,0,0,0,0,0,0,0,1
is-absolute,module-function,1,0,0,0,0,0,0,0,0
is-buffer,module-function,0,1,0,0,0,0,0,0,1
is-dotdir,module-function,0,0,0,0,0,0,0,0,1
is-git-url,module-function,0,0,0,0,0,0,0,0,1
is-integer,module-function,0,0,0,0,1,0,0,0,1
is-negated-glob,module-function,0,0,0,0,0,0,0,0,1
is-object,module-function,0,1,0,0,0,0,0,0,1
is-relative,module-function,0,0,0,0,0,0,0,0,1
is-running,module-function,0,0,0,0,0,0,0,0,1
is-touch-device,module,1,0,0,0,0,0,0,0,0
is-uuid,module,0,0,0,0,0,2,0,0,0
is-valid-glob,module-function,0,1,0,0,0,0,0,0,1
is-valid-path,module-function,0,0,0,0,0,0,0,0,1
is-windows,module-function,0,0,0,0,0,0,0,0,1
isarray,module-function,0,0,0,0,1,0,0,0,1
isbn-utils,module,0,3,0,0,0,1,0,0,0
js-levenshtein,module-function,0,0,0,0,0,0,0,0,1
js-string-escape,module-function,0,0,0,0,0,0,0,0,1
js-to-java,module-function,0,1,1,0,0,0,0,0,1
jsend,module,0,0,0,0,0,0,1,0,0
json-stringify-safe,module-function,0,4,0,0,0,0,0,0,1
json2md,module-function,0,0,1,1,0,0,0,0,1
json2mq,module-function,0,0,1,0,0,0,0,0,1
jsonapi-serializer,module,0,0,0,0,0,0,0,0,0
jsonminify,module-function,0,0,0,0,0,0,0,0,1
jsonpath,module,0,4,0,0,0,7,0,0,0
jsontoxml,module-function,0,1,0,0,7,0,0,0,1
keymirror,module-function,0,0,1,0,0,0,0,0,1
latinize,module,1,0,0,0,0,0,0,0,0
ldap-filters,module,1,0,0,0,0,0,0,0,0
level-codec,module,1,0,0,0,0,0,0,0,0
linear-gradient,module-class,0,0,1,0,0,0,0,0,0
localized-countries,module-function,0,1,0,0,0,0,0,0,1
localized-countries,module-function,0,1,0,0,0,0,0,0,1
localized-countries,module-function,0,1,0,0,0,0,0,0,1
logg,module,0,0,0,0,0,0,1,0,0
luaparse,module,0,1,2,1,0,0,2,1,0
mailcheck,module,0,0,0,0,0,0,5,0,0
markdown-it,module,1,0,0,0,0,0,0,0,0
memoizee,module-function,0,0,1,0,1,0,0,0,1
mersenne-twister,module-class,0,1,0,0,0,1,0,0,0
mess,module-function,0,0,1,0,0,0,0,0,1
milliseconds,module,0,0,0,0,0,0,7,0,0
minimal-bit-array,module-class,0,1,0,0,0,2,0,0,0
mitm,module,1,0,0,0,0,0,0,0,0
mixpanel-browser,module,0,5,0,1,4,14,12,0,0
moment-holiday,module,1,0,0,0,0,0,0,0,0
mongodb-uri,module,0,0,0,0,1,2,0,0,0
mongodb-uri,module,0,0,0,0,1,2,0,0,0
mv,module,1,0,0,0,0,0,0,0,0
nanp,module,1,0,0,0,0,0,0,0,0
nested-error-stacks,module-class,0,2,0,0,0,0,0,0,0
newline-remove,module-function,0,0,0,0,0,0,0,0,1
ngeohash,module,0,0,0,0,0,0,3,0,0
no-scroll,module,0,0,0,0,0,0,3,0,0
node-cleanup,module-function,0,1,0,0,2,0,0,0,1
node-schedule,module,0,0,0,0,5,2,0,1,0
node-schedule,module,0,0,0,0,5,2,0,1,0
nomnom,module,0,0,0,0,0,0,1,0,0
nomnom,module,0,0,0,0,0,0,1,0,0
nopt,module-function,0,2,0,0,0,0,0,0,1
normalize-path,module-function,0,1,0,0,0,0,0,0,1
nssm,module-function,0,0,0,0,1,0,0,0,1
nssm,module-function,0,0,0,0,1,0,0,0,1
nssm,module-function,0,0,0,0,1,0,0,0,1
nssm,module-function,0,0,0,0,1,0,0,0,1
number-to-words,module,0,0,0,0,0,2,0,0,0
number-to-words,module,0,0,0,1,0,1,0,0,0
obj-file-parser,module-class,0,2,0,0,0,1,0,0,0
object-diff,module-function,0,0,0,0,2,0,0,0,1
object-keys,module-function,0,0,0,0,0,0,0,0,1
object-map,module-function,0,2,0,2,0,0,0,0,1
object-path,module,1,0,0,0,0,0,0,0,0
oibackoff,module,0,0,0,0,4,3,0,0,0
one-time,module-function,0,0,1,0,0,0,0,0,1
opener,module-function,0,2,0,0,0,0,0,0,1
orchestrator,module-class,0,0,0,0,0,19,1,0,0
owasp-password-strength-test,module,0,0,0,0,0,1,0,0,0
owasp-password-strength-test,module,0,0,0,5,0,1,0,0,0
parse-filepath,module-function,0,0,0,0,0,0,0,0,1
parse-github-url,module-function,0,0,0,0,0,0,0,0,1
parse-unit,module-function,0,1,0,1,0,0,0,0,1
path-is-inside,module-function,0,0,0,0,0,0,0,0,1
path-parse,module,1,0,0,0,0,0,0,0,0
path-regex,module-function,0,0,0,0,0,0,0,0,1
pg-format,module-function,0,0,0,0,1,0,0,0,1
pg-format,module-function,0,0,0,0,1,0,0,0,1
pg-format,module-function,0,0,0,0,1,0,0,0,1
pg-format,module-function,1,0,0,0,0,0,0,0,0
phone,module-function,0,1,0,0,0,0,0,0,1
phone-formatter,module,0,0,0,0,0,0,1,0,0
plugin-error,module-class,0,1,0,3,4,0,0,1,0
pretty-hrtime,module-function,0,0,1,0,0,0,0,0,1
procfs-stats,module-function,0,0,0,1,0,0,0,0,1
promise-retry,module-function,0,2,2,0,0,0,0,1,1
qr-image,module,0,0,2,0,10,3,1,2,0
qrcode,module,0,1,11,2,9,19,0,1,0
qrcode,module,0,4,8,2,9,19,0,1,0
radix64,module,0,0,0,0,0,0,1,0,0
radix64,module,0,0,0,0,0,0,1,0,0
random-seed,module,1,0,0,0,0,0,0,0,0
random-seed,module,1,0,0,0,0,0,0,0,0
random-seed,module,1,0,0,0,0,0,0,0,0
random-seed,module,1,0,0,0,0,0,0,0,0
random-seed,module,1,0,0,0,0,0,0,0,0
random-seed,module,1,0,0,0,0,0,0,0,0
random-seed,module,1,0,0,0,0,0,0,0,0
random-seed,module,1,0,0,0,0,0,0,0,0
random-string,module-function,0,1,0,0,0,0,0,0,1
randomcolor,module-function,0,0,0,0,6,0,0,1,1
reconnect-core,module-function,0,1,0,0,0,0,0,0,1
recursive-readdir,module,1,0,0,0,0,0,0,0,0
recursive-readdir,module,1,0,0,0,0,0,0,0,0
recursive-readdir,module,1,0,0,0,0,0,0,0,0
redis-mock,module,0,0,0,0,0,0,2,0,0
remove-markdown,module-function,0,0,0,0,2,0,0,0,0
repeat-element,module-function,0,0,1,0,0,0,0,0,1
repeat-string,module-function,0,0,0,0,0,0,0,0,1
replace-ext,module-function,0,0,0,0,0,0,0,0,1
requires-port,module-function,0,3,0,0,0,0,0,1,1
rfc2047,module,0,0,0,0,0,0,0,0,0
rison,module,0,0,0,0,0,0,3,0,0
rsvp,module,0,0,0,0,0,0,1,0,0
run-parallel,module-function,0,2,6,2,0,0,0,1,0
rwlock,module-class,0,0,0,0,0,0,0,0,0
safe-json-stringify,module-function,0,2,0,0,0,0,0,0,1
safe-json-stringify,module-function,0,2,0,0,0,0,0,0,1
seededshuffle,module,0,10,6,4,0,0,4,0,0
semaphore,module-function,0,1,0,0,0,0,0,0,1
semaphore,module-function,0,1,0,0,0,0,0,0,1
semaphore,module-function,0,1,0,0,0,0,0,0,1
shallowequal,module-function,0,2,0,2,0,0,0,0,1
shelljs,module,0,0,0,0,0,8,1,0,0
shimmer,module,0,0,0,0,0,0,1,0,0
showdown,module,0,0,0,0,0,0,0,0,0
shuffle-array,module,1,0,0,0,0,0,0,0,0
smart-truncate,module,1,0,0,0,0,0,0,0,0
smtpapi,module,1,0,0,0,0,0,0,0,0
spdx-correct,module-function,0,0,0,2,0,0,0,1,1
speakingurl,module-function,0,0,0,10,0,0,0,0,1
speakingurl,module-function,0,0,0,10,0,0,0,0,1
stack-mapper,module-function,0,1,0,0,0,0,0,0,1
stale-lru-cache,module-class,0,5,3,4,0,8,1,0,0
starwars-names,module,0,0,2,2,0,0,0,0,0
statsd-client,module-class,0,0,0,5,0,12,0,0,0
statsd-client,module-class,0,2,0,11,0,5,0,0,0
std-mocks,module,0,1,3,0,4,0,0,1,0
steamid,module-class,0,0,0,0,0,3,0,0,0
steamid,module-class,0,0,0,0,0,3,0,0,0
steamid,module-class,0,0,1,0,0,3,0,0,0
steamid,module-class,0,0,1,0,0,3,0,0,0
steed,module,0,0,0,0,0,0,1,0,0
store,module,0,0,0,0,0,0,4,0,0
strange,module,1,0,0,0,0,0,0,0,0
stream-array,module-function,0,0,0,0,0,0,0,0,1
stream-meter,module-function,0,1,0,0,0,0,0,0,1
string,module,1,0,0,0,0,0,0,0,0
tableau,module,1,0,0,0,0,0,0,0,0
tableify,module-function,0,1,2,2,0,0,0,1,1
temp,module,0,0,0,0,0,0,1,0,0
temp,module,0,0,0,0,0,0,3,0,0
then-eos,module-function,0,0,1,0,0,0,0,0,1
timer-machine,module-class,0,1,0,0,0,12,0,0,0
timer-machine,module-class,0,1,0,0,0,6,1,0,0
tldjs,module,0,0,0,1,0,4,0,0,0
tldjs,module,0,0,0,1,0,6,0,0,0
toobusy-js,module-function,1,0,0,0,0,0,0,0,0
travis-fold,module,0,2,0,0,0,3,0,0,0
treeify,module,0,0,1,0,0,2,0,0,0
type-check,module,0,0,0,0,0,0,2,0,0
typedarray-pool,module,0,2,0,0,0,23,0,0,0
typeof,module-function,0,1,0,0,0,0,0,0,1
typpy,module,1,0,0,0,0,0,0,0,0
unc-path-regex,module-function,0,0,0,0,0,0,0,0,1
undertaker,module-class,0,1,0,0,4,4,1,3,0
uniq,module,1,0,0,0,0,0,0,0,0
url-parse,module,1,0,0,0,0,0,0,0,0
url-parse,module,1,0,0,0,0,0,0,0,0
url-template,module,0,0,0,0,0,0,7,0,0
validator,module,0,0,0,0,0,0,1,0,0
varint,module,0,0,0,0,0,1,2,0,0
venn,module,0,0,0,0,0,8,1,0,0
victor,module-class,0,0,0,0,0,74,0,0,0
voca,module,0,0,0,0,0,0,3,0,0
voronoi-diagram,module-function,0,0,0,0,0,0,0,0,1
week,module-function,0,1,0,0,0,0,0,0,1
wellknown,module,1,0,0,0,0,0,0,0,0
whitelist-object,module-function,0,2,0,0,0,0,0,0,1
winreg,module,1,0,0,0,0,0,0,0,0
xtend,module,1,0,0,0,0,0,0,0,0
